vessel,average charter days
Anchor Handling Tug,31.890493150158555
Cable Lay Vessel,30.928095151895082
Diving Support Vessel 1 1,3.374514879383738
Diving Support Vessel 1 2,3.315236826620211
