vessel,average charter days
Anchor Handling Tug,32.954309246613384
Cable Lay Vessel,30.402252802374836
Diving Support Vessel 1 1,3.5896718069541427
Diving Support Vessel 1 2,3.551040092381693
