year,operations,port_fees,equipment_cost,total_labor_cost,materials_cost,OpEx
1999,5999849.999999999,25000000.0,13988923.374708217,0.0,2882774.0,47871547.37470822
2000,6016287.945205478,25000000.0,13317743.99162126,0.0,4601046.0,48935077.936826736
2001,5999849.999999999,25000000.0,21500082.755725514,0.0,5430382.0,57930314.75572552
2002,5999849.999999999,25000000.0,12581863.262092762,0.0,7750972.0,51332685.26209276
2003,5999849.999999999,25000000.0,19813431.092378847,0.0,6786662.0,57599943.09237885
