year,Anchor Handling Tug,Cable Lay Vessel,Crew Transfer Vessel 1,Crew Transfer Vessel 2,Crew Transfer Vessel 3,Diving Support Vessel 1,Diving Support Vessel 2
1999,993753.2527615925,9301783.14343303,0.0,0.0,0.0,3053337.0749307238,640049.9035828689
2000,3561737.8622799525,5580563.914872887,1391813.5776579278,1391814.692006048,1391813.9448044433,0.0,0.0
2001,5915315.632320717,4528623.139541816,1388983.9716071915,1389061.4222163134,1388981.796513069,5523682.577080971,1365434.2164454353
2002,5729226.1592899095,2683617.624845811,1389699.8709000563,1389619.9015198413,1389699.7055371443,0.0,0.0
2003,4935485.687857077,4617579.424080471,1387918.434275726,1387997.074838038,1388448.3617096217,4485301.9814577745,1610700.1281601381
