vessel,average charter days
Anchor Handling Tug,31.959498034237935
Cable Lay Vessel,30.718221454290234
Diving Support Vessel 1 1,3.368351191152336
Diving Support Vessel 1 2,3.359245688699579
